Video_Frame_Prediction,Final_Decision
Fake,Fake
Fake,Fake
Fake,Fake
Real,Real
Real,Real
Real,Real
Real,Real
Real,Real
Real,Real
Fake,Fake
Real,Real
Real,Real
Real,Real
Real,Real
Real,Real
Real,Real
Real,Real
Real,Real
Fake,Fake
Real,Real
Real,Real
Real,Real
Fake,Fake
Real,Real
Real,Real
Fake,Fake
Real,Real
Real,Real
Fake,Fake
Real,Real
Fake,Fake
Real,Real
Real,Real
Fake,Fake
Real,Real
Fake,Fake
Fake,Fake
Real,Real
Real,Real
Fake,Fake
Real,Real
Real,Real
Fake,Fake
Real,Real
Real,Real
Fake,Fake
Real,Real
Real,Real
Real,Real
Real,Real
Fake,Fake
Real,Real
Real,Real
Real,Real
Real,Real
Real,Real
Real,Real
Real,Real
Fake,Fake
Real,Real
Real,Real
Real,Real
Real,Real
Real,Real
Real,Real
Real,Real
Fake,Fake
Real,Real
Real,Real
Real,Real
Real,Real
Fake,Fake
Real,Real
Real,Real
Fake,Fake
Real,Real
Real,Real
Real,Real
Fake,Fake
Fake,Fake
Real,Real
Real,Real
Real,Real
Fake,Fake
Real,Real
Fake,Fake
Real,Real
Real,Real
Real,Real
Real,Real
Real,Real
Real,Real
Real,Real
Real,Real
Real,Real
Real,Real
Real,Real
Real,Real
Fake,Fake
Real,Real
Real,Real
Real,Real
Real,Real
Fake,Fake
Fake,Fake
Fake,Fake
Real,Real
Real,Real
Real,Real
Real,Real
Real,Real
Real,Real
Fake,Fake
Real,Real
Real,Real
Real,Real
Real,Real
Fake,Fake
Real,Real
Fake,Fake
Fake,Fake
Real,Real
Fake,Fake
Fake,Fake
Real,Real
Real,Real
Fake,Fake
Real,Real
Real,Real
Fake,Fake
Real,Real
Real,Real
Fake,Fake
Fake,Fake
Real,Real
Real,Real
Real,Real
Real,Real
Real,Real
Real,Real
Fake,Fake
Real,Real
Real,Real
Real,Real
Real,Real
Real,Real
Real,Real
Real,Real
Real,Real
Real,Real
Real,Real
Real,Real
Real,Real
Real,Real
Real,Real
Real,Real
Real,Real
Real,Real
Real,Real
Real,Real
Real,Real
Real,Real
Real,Real
Real,Real
Real,Real
Real,Real
Real,Real
Real,Real
Real,Real
Real,Real
Real,Real
Real,Real
Fake,Fake
Real,Real
Real,Real
Real,Real
